[{"model": "contenttypes.contenttype", "pk": 1, "fields": {"app_label": "admin", "model": "logentry"}}, {"model": "contenttypes.contenttype", "pk": 2, "fields": {"app_label": "auth", "model": "group"}}, {"model": "contenttypes.contenttype", "pk": 3, "fields": {"app_label": "auth", "model": "permission"}}, {"model": "contenttypes.contenttype", "pk": 4, "fields": {"app_label": "auth", "model": "user"}}, {"model": "contenttypes.contenttype", "pk": 5, "fields": {"app_label": "contenttypes", "model": "contenttype"}}, {"model": "contenttypes.contenttype", "pk": 6, "fields": {"app_label": "sessions", "model": "session"}}, {"model": "contenttypes.contenttype", "pk": 7, "fields": {"app_label": "gettrafficlights", "model": "use"}}, {"model": "contenttypes.contenttype", "pk": 8, "fields": {"app_label": "gettrafficlights", "model": "driver"}}, {"model": "contenttypes.contenttype", "pk": 9, "fields": {"app_label": "gettrafficlights", "model": "intersection"}}, {"model": "contenttypes.contenttype", "pk": 10, "fields": {"app_label": "gettrafficlights", "model": "trafficlight"}}, {"model": "contenttypes.contenttype", "pk": 11, "fields": {"app_label": "gettrafficlights", "model": "street"}}, {"model": "contenttypes.contenttype", "pk": 12, "fields": {"app_label": "gettrafficlights", "model": "intersectionsstreets"}}, {"model": "contenttypes.contenttype", "pk": 13, "fields": {"app_label": "gettrafficlights", "model": "centralnode"}}, {"model": "contenttypes.contenttype", "pk": 14, "fields": {"app_label": "gettrafficlights", "model": "emergencyvehicle"}}, {"model": "contenttypes.contenttype", "pk": 15, "fields": {"app_label": "location", "model": "location"}}, {"model": "sessions.session", "pk": "1ao76sje67k5kvh9phgh5tw2sn6j70ko", "fields": {"session_data": "M2ZkZjIzYTEzNzI1ODQ4MGJhZWM1NTAzYTgwMjJiZjgwOWYyYzk0Njp7Il9hdXRoX3VzZXJfaWQiOiIzIiwiX2F1dGhfdXNlcl9iYWNrZW5kIjoiZGphbmdvLmNvbnRyaWIuYXV0aC5iYWNrZW5kcy5Nb2RlbEJhY2tlbmQiLCJTZW5kIjp0cnVlLCJkaXJlY3Rpb25zIjpbIkFiZCBBbCBIYWxpbSBBbCBaRUlOSSIsIlMiLCJBaG1lZCBGb3VhZCBBYmQgQWwgQXppeiBBbCBTYXJheWF0IFNhYmVrYWEiLCJFIiwiR3JlZWsgSG9zcGl0YWwgU3QiLCJTIiwiU2FiZWwgQWwgS2hhem5kYXJhIiwiVyJdLCJfYXV0aF91c2VyX2hhc2giOiIwMWY0ODcxZjlkYTlkODkyNzFkOGQ1ODAwNTIzOTRiMjliOGE1YmZiIiwiVHJhZmZpY0xpZ2h0cyI6WyI2IiwiMTEiXX0=", "expire_date": "2017-07-20T10:43:40.086Z"}}, {"model": "sessions.session", "pk": "4qwhk77bbc5397df4566h9tvjxnmxcou", "fields": {"session_data": "YzhhNjczZDJjZDQyNGZlMDFmMWJhMjVlODY3NjM0ZTE1MjlkZTYzNjp7Il9hdXRoX3VzZXJfaWQiOiIzIiwiX2F1dGhfdXNlcl9iYWNrZW5kIjoiZGphbmdvLmNvbnRyaWIuYXV0aC5iYWNrZW5kcy5Nb2RlbEJhY2tlbmQiLCJTZW5kIjp0cnVlLCJkaXJlY3Rpb25zIjpbIlNhYmVsIEFsIEtoYXpuZGFyYSIsIkUiLCJHcmVlayBIb3NwaXRhbCBTdCIsIk4iLCJTIl0sIl9hdXRoX3VzZXJfaGFzaCI6IjAxZjQ4NzFmOWRhOWQ4OTI3MWQ4ZDU4MDA1MjM5NGIyOWI4YTViZmIiLCJUcmFmZmljTGlnaHRzIjpbIjEwIl19", "expire_date": "2017-07-20T16:48:20.201Z"}}, {"model": "sessions.session", "pk": "4wmnepf504f1n6qnjr3m1l1p0ulonfa0", "fields": {"session_data": "ZDVmZGNmNzE0M2E0NGM2Zjk2MGQwNDk3OWZlNDY3ZDA3Yjc5ODcyMDp7Il9hdXRoX3VzZXJfaGFzaCI6IjAxZjQ4NzFmOWRhOWQ4OTI3MWQ4ZDU4MDA1MjM5NGIyOWI4YTViZmIiLCJfYXV0aF91c2VyX2JhY2tlbmQiOiJkamFuZ28uY29udHJpYi5hdXRoLmJhY2tlbmRzLk1vZGVsQmFja2VuZCIsIl9hdXRoX3VzZXJfaWQiOiIzIn0=", "expire_date": "2017-07-20T10:40:56.838Z"}}, {"model": "sessions.session", "pk": "7ff93hvaavoefycam9s0wihnv94nd4sp", "fields": {"session_data": "ZDVmZGNmNzE0M2E0NGM2Zjk2MGQwNDk3OWZlNDY3ZDA3Yjc5ODcyMDp7Il9hdXRoX3VzZXJfaGFzaCI6IjAxZjQ4NzFmOWRhOWQ4OTI3MWQ4ZDU4MDA1MjM5NGIyOWI4YTViZmIiLCJfYXV0aF91c2VyX2JhY2tlbmQiOiJkamFuZ28uY29udHJpYi5hdXRoLmJhY2tlbmRzLk1vZGVsQmFja2VuZCIsIl9hdXRoX3VzZXJfaWQiOiIzIn0=", "expire_date": "2017-07-20T10:32:27.347Z"}}, {"model": "sessions.session", "pk": "8f5lnfk2o42wpw0g1bj4ly4n07xxtn22", "fields": {"session_data": "ZDVmZGNmNzE0M2E0NGM2Zjk2MGQwNDk3OWZlNDY3ZDA3Yjc5ODcyMDp7Il9hdXRoX3VzZXJfaGFzaCI6IjAxZjQ4NzFmOWRhOWQ4OTI3MWQ4ZDU4MDA1MjM5NGIyOWI4YTViZmIiLCJfYXV0aF91c2VyX2JhY2tlbmQiOiJkamFuZ28uY29udHJpYi5hdXRoLmJhY2tlbmRzLk1vZGVsQmFja2VuZCIsIl9hdXRoX3VzZXJfaWQiOiIzIn0=", "expire_date": "2017-07-20T10:31:43.456Z"}}, {"model": "sessions.session", "pk": "9bbhwt8k6j1s7u7v4ben8ahngicn68l3", "fields": {"session_data": "NWE5MTU3ZDM5ZTNiMWY5NWFjZjA3ODQ5MjdhNGJmMWZlODcxZjc0OTp7Il9hdXRoX3VzZXJfaWQiOiIzIiwiX2F1dGhfdXNlcl9iYWNrZW5kIjoiZGphbmdvLmNvbnRyaWIuYXV0aC5iYWNrZW5kcy5Nb2RlbEJhY2tlbmQiLCJTZW5kIjp0cnVlLCJkaXJlY3Rpb25zIjpbIkdyZWVrIEhvc3BpdGFsIFN0IiwiUyIsIkdyZWVrIEhvc3BpdGFsIFN0IiwiRSIsIkdyZWVrIEhvc3BpdGFsIFN0IiwiRSIsIkdyZWVrIEhvc3BpdGFsIFN0IiwiTiJdLCJfYXV0aF91c2VyX2hhc2giOiIwMWY0ODcxZjlkYTlkODkyNzFkOGQ1ODAwNTIzOTRiMjliOGE1YmZiIiwiVHJhZmZpY0xpZ2h0cyI6WyI3IiwiNiIsIjYiXX0=", "expire_date": "2017-07-20T22:40:35.404Z"}}, {"model": "sessions.session", "pk": "avqgsp7bne5mqaj2cmeblhaogntye47m", "fields": {"session_data": "ZDVmZGNmNzE0M2E0NGM2Zjk2MGQwNDk3OWZlNDY3ZDA3Yjc5ODcyMDp7Il9hdXRoX3VzZXJfaGFzaCI6IjAxZjQ4NzFmOWRhOWQ4OTI3MWQ4ZDU4MDA1MjM5NGIyOWI4YTViZmIiLCJfYXV0aF91c2VyX2JhY2tlbmQiOiJkamFuZ28uY29udHJpYi5hdXRoLmJhY2tlbmRzLk1vZGVsQmFja2VuZCIsIl9hdXRoX3VzZXJfaWQiOiIzIn0=", "expire_date": "2017-07-20T10:27:05.377Z"}}, {"model": "sessions.session", "pk": "cp2kaf8k5zdv1fz24x6wwyfxfldsjvh7", "fields": {"session_data": "ZDVmZGNmNzE0M2E0NGM2Zjk2MGQwNDk3OWZlNDY3ZDA3Yjc5ODcyMDp7Il9hdXRoX3VzZXJfaGFzaCI6IjAxZjQ4NzFmOWRhOWQ4OTI3MWQ4ZDU4MDA1MjM5NGIyOWI4YTViZmIiLCJfYXV0aF91c2VyX2JhY2tlbmQiOiJkamFuZ28uY29udHJpYi5hdXRoLmJhY2tlbmRzLk1vZGVsQmFja2VuZCIsIl9hdXRoX3VzZXJfaWQiOiIzIn0=", "expire_date": "2017-07-20T10:43:05.443Z"}}, {"model": "sessions.session", "pk": "dks2illy57x7mid4nlqhgtjszw2laj9a", "fields": {"session_data": "MTA1YzM1NzQyMWY1YzUyN2JjY2VhZGQwYzczZGY1MzIzMmZjM2UyOTp7Il9hdXRoX3VzZXJfaWQiOiIzIiwiX2F1dGhfdXNlcl9iYWNrZW5kIjoiZGphbmdvLmNvbnRyaWIuYXV0aC5iYWNrZW5kcy5Nb2RlbEJhY2tlbmQiLCJTZW5kIjp0cnVlLCJkaXJlY3Rpb25zIjpbIkFobWVkIEZvdWFkIEFiZCBBbCBBeml6IEFsIFNhcmF5YXQgU2FiZWthYSIsIlMiLCJTYWJlbCBBbCBLaGF6bmRhcmEiLCJFIiwiR3JlZWsgSG9zcGl0YWwgU3QiLCJOIl0sIl9hdXRoX3VzZXJfaGFzaCI6IjAxZjQ4NzFmOWRhOWQ4OTI3MWQ4ZDU4MDA1MjM5NGIyOWI4YTViZmIiLCJUcmFmZmljTGlnaHRzIjpbIjE1IiwiMTAiXX0=", "expire_date": "2017-07-19T21:52:17.599Z"}}, {"model": "sessions.session", "pk": "iwq9ud0pko5ufgwzca6bdkfdhfu0d9o4", "fields": {"session_data": "YWRmOTYxZDY2OGQxYzIyYmFjYTU2NDVjZjZmMjFmZGI3MjMwZDliYjp7Il9hdXRoX3VzZXJfaWQiOiIzIiwiU2VuZCI6dHJ1ZSwiX2F1dGhfdXNlcl9iYWNrZW5kIjoiZGphbmdvLmNvbnRyaWIuYXV0aC5iYWNrZW5kcy5Nb2RlbEJhY2tlbmQiLCJkaXJlY3Rpb25zIjpbIkFobWVkIEZvdWFkIEFiZCBBbCBBeml6IEFsIFNhcmF5YXQgU2FiZWthYSIsIlciLCJBaG1lZCBGb3VhZCBBYmQgQWwgQXppeiBBbCBTYXJheWF0IFNhYmVrYWEiLCJTIiwiU2FiZWwgQWwgS2hhem5kYXJhIiwiRSJdLCJfYXV0aF91c2VyX2hhc2giOiIwMWY0ODcxZjlkYTlkODkyNzFkOGQ1ODAwNTIzOTRiMjliOGE1YmZiIiwiVHJhZmZpY0xpZ2h0cyI6WyIyIl19", "expire_date": "2017-07-19T14:37:55.474Z"}}, {"model": "sessions.session", "pk": "jlm7qx9835y62bynxkc8t4zhvo2xbgzo", "fields": {"session_data": "ZDVmZGNmNzE0M2E0NGM2Zjk2MGQwNDk3OWZlNDY3ZDA3Yjc5ODcyMDp7Il9hdXRoX3VzZXJfaGFzaCI6IjAxZjQ4NzFmOWRhOWQ4OTI3MWQ4ZDU4MDA1MjM5NGIyOWI4YTViZmIiLCJfYXV0aF91c2VyX2JhY2tlbmQiOiJkamFuZ28uY29udHJpYi5hdXRoLmJhY2tlbmRzLk1vZGVsQmFja2VuZCIsIl9hdXRoX3VzZXJfaWQiOiIzIn0=", "expire_date": "2017-07-21T20:43:44.128Z"}}, {"model": "sessions.session", "pk": "lp6svccz4yxxabxa2sn9vxy9k6ar0mzu", "fields": {"session_data": "MmY1MmRiN2UwMTkwYTIwYzZiZDE4MWQwN2M4MjlhOWJmMDQxZGFkOTp7Il9hdXRoX3VzZXJfaWQiOiIzIiwiU2VuZCI6dHJ1ZSwiX2F1dGhfdXNlcl9iYWNrZW5kIjoiZGphbmdvLmNvbnRyaWIuYXV0aC5iYWNrZW5kcy5Nb2RlbEJhY2tlbmQiLCJkaXJlY3Rpb25zIjpbIkFobWVkIEZvdWFkIEFiZCBBbCBBeml6IEFsIFNhcmF5YXQgU2FiZWthYSIsIlMiLCJTYWJlbCBBbCBLaGF6bmRhcmEiLCJFIiwiR3JlZWsgSG9zcGl0YWwgU3QiLCJOIl0sIl9hdXRoX3VzZXJfaGFzaCI6IjAxZjQ4NzFmOWRhOWQ4OTI3MWQ4ZDU4MDA1MjM5NGIyOWI4YTViZmIiLCJUcmFmZmljTGlnaHRzIjpbIjE1IiwiMTAiXX0=", "expire_date": "2017-07-19T20:57:00.819Z"}}, {"model": "sessions.session", "pk": "n6th6od17ux6bpqfrtvera602tkhbd5e", "fields": {"session_data": "MGZjN2Y4OTNjMjUzZmU1MGFmZGNlYjYxMzRhOWEyNDNlNzEwNmRlNjp7Il9hdXRoX3VzZXJfaWQiOiIzIiwiX2F1dGhfdXNlcl9iYWNrZW5kIjoiZGphbmdvLmNvbnRyaWIuYXV0aC5iYWNrZW5kcy5Nb2RlbEJhY2tlbmQiLCJTZW5kIjp0cnVlLCJkaXJlY3Rpb25zIjpbIkFobWVkIEZvdWFkIEFiZCBBbCBBeml6IEFsIFNhcmF5YXQgU2FiZWthYSIsIlciLCJBaG1lZCBGb3VhZCBBYmQgQWwgQXppeiBBbCBTYXJheWF0IFNhYmVrYWEiLCJFIiwiQWJkIEFsIEhhbGltIEFsIFpFSU5JIiwiTiIsIkVsLUFiYXNleWEiLCJXIiwiQWhtZWQgU2FlZWQiLCJTIiwiQWJkbyBBbCBIYW1vbGkiLCJXIl0sIl9hdXRoX3VzZXJfaGFzaCI6IjAxZjQ4NzFmOWRhOWQ4OTI3MWQ4ZDU4MDA1MjM5NGIyOWI4YTViZmIiLCJUcmFmZmljTGlnaHRzIjpbIjQiXX0=", "expire_date": "2017-07-20T13:10:07.711Z"}}, {"model": "sessions.session", "pk": "nlnzeppkr0ihu6kv7pqjjxuhvbu3x69u", "fields": {"session_data": "ZDM3ZGNkMDhkYjJjOWM0ZDllZjUwYTY3NDc3ZjY0MjE2ZGYxMTNjZTp7Il9hdXRoX3VzZXJfaWQiOiIzIiwiX2F1dGhfdXNlcl9iYWNrZW5kIjoiZGphbmdvLmNvbnRyaWIuYXV0aC5iYWNrZW5kcy5Nb2RlbEJhY2tlbmQiLCJTZW5kIjpmYWxzZSwiZGlyZWN0aW9ucyI6WyJFbmdpbmVlcmluZyBJbnN0aXR1dGUiLCJOIiwiU2FiZWwgQWwgS2hhem5kYXJhIiwiRSIsIkdyZWVrIEhvc3BpdGFsIFN0IiwiUyJdLCJfYXV0aF91c2VyX2hhc2giOiIwMWY0ODcxZjlkYTlkODkyNzFkOGQ1ODAwNTIzOTRiMjliOGE1YmZiIiwiVHJhZmZpY0xpZ2h0cyI6WyI2Il19", "expire_date": "2017-07-21T21:12:49.965Z"}}, {"model": "sessions.session", "pk": "skyr1g0c1w9t3jy34lk017ypr520n1w9", "fields": {"session_data": "MDc5MDQ5NTk5NWM1Y2I5ZTUxMjAxM2I5ZTg4Yjk2N2Y4OGRjMTFmNzp7Il9hdXRoX3VzZXJfaWQiOiIzIiwiU2VuZCI6dHJ1ZSwiX2F1dGhfdXNlcl9iYWNrZW5kIjoiZGphbmdvLmNvbnRyaWIuYXV0aC5iYWNrZW5kcy5Nb2RlbEJhY2tlbmQiLCJkaXJlY3Rpb25zIjpbIkdyZWVrIEhvc3BpdGFsIFN0IiwiTiIsIk4iXSwiX2F1dGhfdXNlcl9oYXNoIjoiMDFmNDg3MWY5ZGE5ZDg5MjcxZDhkNTgwMDUyMzk0YjI5YjhhNWJmYiIsIlRyYWZmaWNMaWdodHMiOltdfQ==", "expire_date": "2017-07-21T16:58:36.321Z"}}, {"model": "sessions.session", "pk": "tntkd2z959o6d9bzi6fzuynzlam8m2wk", "fields": {"session_data": "ZDVmZGNmNzE0M2E0NGM2Zjk2MGQwNDk3OWZlNDY3ZDA3Yjc5ODcyMDp7Il9hdXRoX3VzZXJfaGFzaCI6IjAxZjQ4NzFmOWRhOWQ4OTI3MWQ4ZDU4MDA1MjM5NGIyOWI4YTViZmIiLCJfYXV0aF91c2VyX2JhY2tlbmQiOiJkamFuZ28uY29udHJpYi5hdXRoLmJhY2tlbmRzLk1vZGVsQmFja2VuZCIsIl9hdXRoX3VzZXJfaWQiOiIzIn0=", "expire_date": "2017-07-19T14:35:30.292Z"}}, {"model": "sessions.session", "pk": "zapqhx8jjbiixyd22nvx5je65lxp3vh8", "fields": {"session_data": "ZDVmZGNmNzE0M2E0NGM2Zjk2MGQwNDk3OWZlNDY3ZDA3Yjc5ODcyMDp7Il9hdXRoX3VzZXJfaGFzaCI6IjAxZjQ4NzFmOWRhOWQ4OTI3MWQ4ZDU4MDA1MjM5NGIyOWI4YTViZmIiLCJfYXV0aF91c2VyX2JhY2tlbmQiOiJkamFuZ28uY29udHJpYi5hdXRoLmJhY2tlbmRzLk1vZGVsQmFja2VuZCIsIl9hdXRoX3VzZXJfaWQiOiIzIn0=", "expire_date": "2017-07-19T20:27:29.538Z"}}, {"model": "gettrafficlights.centralnode", "pk": "1", "fields": {"CentralNode_IP": "192.168.1.212"}}, {"model": "gettrafficlights.intersection", "pk": "1", "fields": {"CentralNode_ID": "1", "Intersection_Number_Central_Node": "1"}}, {"model": "gettrafficlights.intersection", "pk": "2", "fields": {"CentralNode_ID": "1", "Intersection_Number_Central_Node": "2"}}, {"model": "gettrafficlights.intersection", "pk": "3", "fields": {"CentralNode_ID": "1", "Intersection_Number_Central_Node": "3"}}, {"model": "gettrafficlights.intersection", "pk": "4", "fields": {"CentralNode_ID": "1", "Intersection_Number_Central_Node": "4"}}, {"model": "gettrafficlights.trafficlight", "pk": "1", "fields": {"Longitude": 31.278146, "Latitude": 30.062531, "Direction": "N", "Intersection_ID": "1"}}, {"model": "gettrafficlights.trafficlight", "pk": "10", "fields": {"Longitude": 31.281547, "Latitude": 30.062819, "Direction": "E", "Intersection_ID": "3"}}, {"model": "gettrafficlights.trafficlight", "pk": "11", "fields": {"Longitude": 31.281547, "Latitude": 30.062819, "Direction": "S", "Intersection_ID": "3"}}, {"model": "gettrafficlights.trafficlight", "pk": "12", "fields": {"Longitude": 31.281547, "Latitude": 30.062819, "Direction": "W", "Intersection_ID": "3"}}, {"model": "gettrafficlights.trafficlight", "pk": "13", "fields": {"Longitude": 31.278505, "Latitude": 30.061737, "Direction": "N", "Intersection_ID": "4"}}, {"model": "gettrafficlights.trafficlight", "pk": "14", "fields": {"Longitude": 31.278505, "Latitude": 30.061737, "Direction": "E", "Intersection_ID": "4"}}, {"model": "gettrafficlights.trafficlight", "pk": "15", "fields": {"Longitude": 31.278505, "Latitude": 30.061737, "Direction": "S", "Intersection_ID": "4"}}, {"model": "gettrafficlights.trafficlight", "pk": "16", "fields": {"Longitude": 31.278505, "Latitude": 30.061737, "Direction": "W", "Intersection_ID": "4"}}, {"model": "gettrafficlights.trafficlight", "pk": "2", "fields": {"Longitude": 31.278146, "Latitude": 30.062531, "Direction": "E", "Intersection_ID": "1"}}, {"model": "gettrafficlights.trafficlight", "pk": "3", "fields": {"Longitude": 31.278146, "Latitude": 30.062531, "Direction": "S", "Intersection_ID": "1"}}, {"model": "gettrafficlights.trafficlight", "pk": "4", "fields": {"Longitude": 31.278146, "Latitude": 30.062531, "Direction": "W", "Intersection_ID": "1"}}, {"model": "gettrafficlights.trafficlight", "pk": "5", "fields": {"Longitude": 31.281129, "Latitude": 30.06359, "Direction": "N", "Intersection_ID": "2"}}, {"model": "gettrafficlights.trafficlight", "pk": "6", "fields": {"Longitude": 31.281129, "Latitude": 30.06359, "Direction": "E", "Intersection_ID": "2"}}, {"model": "gettrafficlights.trafficlight", "pk": "7", "fields": {"Longitude": 31.281129, "Latitude": 30.06359, "Direction": "S", "Intersection_ID": "2"}}, {"model": "gettrafficlights.trafficlight", "pk": "8", "fields": {"Longitude": 31.281129, "Latitude": 30.06359, "Direction": "W", "Intersection_ID": "2"}}, {"model": "gettrafficlights.trafficlight", "pk": "9", "fields": {"Longitude": 31.281547, "Latitude": 30.062819, "Direction": "N", "Intersection_ID": "3"}}, {"model": "gettrafficlights.street", "pk": "1", "fields": {"Start_Longitude": 121.0, "Start_Latitude": 12.0, "End_Longitude": 12.0, "End_Latitude": 11.0}}, {"model": "gettrafficlights.street", "pk": "2", "fields": {"Start_Longitude": 2121.0, "Start_Latitude": 21.0, "End_Longitude": 6.0, "End_Latitude": 7.0}}, {"model": "gettrafficlights.street", "pk": "Abd Al Wahab Al Shanwani", "fields": {"Start_Longitude": 31.2710153, "Start_Latitude": 30.0626482, "End_Longitude": 31.2708437, "End_Latitude": 30.0624886}}, {"model": "gettrafficlights.street", "pk": "Abd Allah Mohammed Abd Allah", "fields": {"Start_Longitude": 31.2826365, "Start_Latitude": 30.0612153, "End_Longitude": 31.2769101, "End_Latitude": 30.0587394}}, {"model": "gettrafficlights.street", "pk": "Abd El-Azeem", "fields": {"Start_Longitude": 31.2749619, "Start_Latitude": 30.0644034, "End_Longitude": 31.2747604, "End_Latitude": 30.0642959}}, {"model": "gettrafficlights.street", "pk": "Abd El-Raheem El-Demerdash", "fields": {"Start_Longitude": 31.2779552, "Start_Latitude": 30.0679047, "End_Longitude": 31.2776231, "End_Latitude": 30.0676253}}, {"model": "gettrafficlights.street", "pk": "Abdo Al Hamoli", "fields": {"Start_Longitude": 31.2739885, "Start_Latitude": 30.0634307, "End_Longitude": 31.2737757, "End_Latitude": 30.063215}}, {"model": "gettrafficlights.street", "pk": "Afif Al Dawla", "fields": {"Start_Longitude": 31.2842424, "Start_Latitude": 30.0693409, "End_Longitude": 31.2840285, "End_Latitude": 30.0691288}}, {"model": "gettrafficlights.street", "pk": "Ahmed Fouad Abd Al Aziz Al Sarayat Sabekaa", "fields": {"Start_Longitude": 31.2832111, "Start_Latitude": 30.0675151, "End_Longitude": 31.2757637, "End_Latitude": 30.0625154}}, {"model": "gettrafficlights.street", "pk": "Ahmed Mokhtar", "fields": {"Start_Longitude": 31.2734145, "Start_Latitude": 30.0663703, "End_Longitude": 31.273235, "End_Latitude": 30.0662166}}, {"model": "gettrafficlights.street", "pk": "Ahmed Naguib", "fields": {"Start_Longitude": 31.2796347, "Start_Latitude": 30.0724607, "End_Longitude": 31.2734509, "End_Latitude": 30.0666144}}, {"model": "gettrafficlights.street", "pk": "Ahmed Saeed", "fields": {"Start_Longitude": 31.2801498, "Start_Latitude": 30.0731939, "End_Longitude": 31.2704708, "End_Latitude": 30.0587292}}, {"model": "gettrafficlights.street", "pk": "Al Afdal", "fields": {"Start_Longitude": 31.2829216, "Start_Latitude": 30.0703239, "End_Longitude": 31.2801211, "End_Latitude": 30.0677491}}, {"model": "gettrafficlights.street", "pk": "Al Agahori", "fields": {"Start_Longitude": 31.2792393, "Start_Latitude": 30.0815196, "End_Longitude": 31.2761434, "End_Latitude": 30.0797668}}, {"model": "gettrafficlights.street", "pk": "Al Ganzori", "fields": {"Start_Longitude": 31.2715954, "Start_Latitude": 30.0631572, "End_Longitude": 31.2714369, "End_Latitude": 30.0629886}}, {"model": "gettrafficlights.street", "pk": "Al Mesaha Al Gologyah", "fields": {"Start_Longitude": 31.2850217, "Start_Latitude": 30.0646713, "End_Longitude": 31.284333, "End_Latitude": 30.0623236}}, {"model": "gettrafficlights.street", "pk": "Al Mostashfa Al Itali", "fields": {"Start_Longitude": 31.2798697, "Start_Latitude": 30.0680647, "End_Longitude": 31.2794871, "End_Latitude": 30.0677179}}, {"model": "gettrafficlights.street", "pk": "Al Omaraa", "fields": {"Start_Longitude": 31.2819721, "Start_Latitude": 30.0690844, "End_Longitude": 31.2816131, "End_Latitude": 30.0687855}}, {"model": "gettrafficlights.street", "pk": "Al Qarqol", "fields": {"Start_Longitude": 31.2787008, "Start_Latitude": 30.0687223, "End_Longitude": 31.2785072, "End_Latitude": 30.0685544}}, {"model": "gettrafficlights.street", "pk": "Al Qobah Al Fadaweh", "fields": {"Start_Longitude": 31.2797272, "Start_Latitude": 30.0702397, "End_Longitude": 31.2795084, "End_Latitude": 30.070047}}, {"model": "gettrafficlights.street", "pk": "Al Samaah", "fields": {"Start_Longitude": 31.2790801, "Start_Latitude": 30.0698765, "End_Longitude": 31.2788328, "End_Latitude": 30.0696588}}, {"model": "gettrafficlights.street", "pk": "Al Sarayat", "fields": {"Start_Longitude": 31.2849121, "Start_Latitude": 30.0671871, "End_Longitude": 31.2821466, "End_Latitude": 30.0648837}}, {"model": "gettrafficlights.street", "pk": "Al Sergani", "fields": {"Start_Longitude": 31.2798697, "Start_Latitude": 30.0680647, "End_Longitude": 31.2794871, "End_Latitude": 30.0677179}}, {"model": "gettrafficlights.street", "pk": "Al Shamaa", "fields": {"Start_Longitude": 31.2744988, "Start_Latitude": 30.0688138, "End_Longitude": 31.27435, "End_Latitude": 30.0686665}}, {"model": "gettrafficlights.street", "pk": "Al Sikka Al Bidaa", "fields": {"Start_Longitude": 31.2871017, "Start_Latitude": 30.0675151, "End_Longitude": 31.2832111, "End_Latitude": 30.0645402}}, {"model": "gettrafficlights.street", "pk": "Ali Ibrahim Ln", "fields": {"Start_Longitude": 31.2788046, "Start_Latitude": 30.0704006, "End_Longitude": 31.27857, "End_Latitude": 30.0701866}}, {"model": "gettrafficlights.street", "pk": "Ali Taher", "fields": {"Start_Longitude": 31.2833592, "Start_Latitude": 30.0715739, "End_Longitude": 31.283085, "End_Latitude": 30.0713427}}, {"model": "gettrafficlights.street", "pk": "Atfet Al Damardash", "fields": {"Start_Longitude": 31.2771136, "Start_Latitude": 30.0687439, "End_Longitude": 31.276879, "End_Latitude": 30.0685342}}, {"model": "gettrafficlights.street", "pk": "Badr", "fields": {"Start_Longitude": 31.2750204, "Start_Latitude": 30.0699064, "End_Longitude": 31.2749547, "End_Latitude": 30.0698149}}, {"model": "gettrafficlights.street", "pk": "Behiri", "fields": {"Start_Longitude": 31.273627, "Start_Latitude": 30.0695705, "End_Longitude": 31.273377, "End_Latitude": 30.069371}}, {"model": "gettrafficlights.street", "pk": "Bostan El-Gaish", "fields": {"Start_Longitude": 31.2828437, "Start_Latitude": 30.0690111, "End_Longitude": 31.2826609, "End_Latitude": 30.0688603}}, {"model": "gettrafficlights.street", "pk": "Danash", "fields": {"Start_Longitude": 31.2747735, "Start_Latitude": 30.0637122, "End_Longitude": 31.2744125, "End_Latitude": 30.0634143}}, {"model": "gettrafficlights.street", "pk": "Dr Tawfik", "fields": {"Start_Longitude": 31.2740982, "Start_Latitude": 30.0640001, "End_Longitude": 31.2738399, "End_Latitude": 30.0637955}}, {"model": "gettrafficlights.street", "pk": "El-Abaseya", "fields": {"Start_Longitude": 31.2871017, "Start_Latitude": 30.0675151, "End_Longitude": 31.2832111, "End_Latitude": 30.0645402}}, {"model": "gettrafficlights.street", "pk": "El-Fardous", "fields": {"Start_Longitude": 31.2795864, "Start_Latitude": 30.0622023, "End_Longitude": 31.2737243, "End_Latitude": 30.0556747}}, {"model": "gettrafficlights.street", "pk": "El-Fardous Bridge", "fields": {"Start_Longitude": 31.2818961, "Start_Latitude": 30.0583044, "End_Longitude": 31.2803835, "End_Latitude": 30.0562823}}, {"model": "gettrafficlights.street", "pk": "El-Lewaa Mohammed Helmy", "fields": {"Start_Longitude": 31.2790345, "Start_Latitude": 30.0665051, "End_Longitude": 31.2787702, "End_Latitude": 30.0662759}}, {"model": "gettrafficlights.street", "pk": "El-Maghraby", "fields": {"Start_Longitude": 31.2802821, "Start_Latitude": 30.0697884, "End_Longitude": 31.2789008, "End_Latitude": 30.0684828}}, {"model": "gettrafficlights.street", "pk": "El-Shaheed Emad", "fields": {"Start_Longitude": 31.2744988, "Start_Latitude": 30.0688138, "End_Longitude": 31.27435, "End_Latitude": 30.0686665}}, {"model": "gettrafficlights.street", "pk": "El-Shaikh Abd Allah", "fields": {"Start_Longitude": 31.2798237, "Start_Latitude": 30.0601969, "End_Longitude": 31.275512, "End_Latitude": 30.0559393}}, {"model": "gettrafficlights.street", "pk": "El-Shaikh Taha", "fields": {"Start_Longitude": 31.2730471, "Start_Latitude": 30.0684056, "End_Longitude": 31.2728875, "End_Latitude": 30.0682587}}, {"model": "gettrafficlights.street", "pk": "El-Tabakh", "fields": {"Start_Longitude": 31.2750045, "Start_Latitude": 30.0700005, "End_Longitude": 31.2747324, "End_Latitude": 30.0698017}}, {"model": "gettrafficlights.street", "pk": "El-Touny", "fields": {"Start_Longitude": 31.2744886, "Start_Latitude": 30.0697647, "End_Longitude": 31.2743214, "End_Latitude": 30.0696672}}, {"model": "gettrafficlights.street", "pk": "El-Zahraa Hospital", "fields": {"Start_Longitude": 31.2825692, "Start_Latitude": 30.0668712, "End_Longitude": 31.2812596, "End_Latitude": 30.0640413}}, {"model": "gettrafficlights.street", "pk": "Engineering Institute", "fields": {"Start_Longitude": 31.2785305, "Start_Latitude": 30.0625154, "End_Longitude": 31.2781981, "End_Latitude": 30.0617761}}, {"model": "gettrafficlights.street", "pk": "Fahmy", "fields": {"Start_Longitude": 31.2777602, "Start_Latitude": 30.0694232, "End_Longitude": 31.2775882, "End_Latitude": 30.0692665}}, {"model": "gettrafficlights.street", "pk": "Fakhry Abd El-Nour", "fields": {"Start_Longitude": 31.2873272, "Start_Latitude": 30.0717956, "End_Longitude": 31.279143, "End_Latitude": 30.0663097}}, {"model": "gettrafficlights.street", "pk": "Genenat Al Qawader", "fields": {"Start_Longitude": 31.2757038, "Start_Latitude": 30.0702124, "End_Longitude": 31.2754457, "End_Latitude": 30.0700156}}, {"model": "gettrafficlights.street", "pk": "Greek Hospital St", "fields": {"Start_Longitude": 31.2832334, "Start_Latitude": 30.0664442, "End_Longitude": 31.2797978, "End_Latitude": 30.0598844}}, {"model": "gettrafficlights.street", "pk": "Haret Al Saraf", "fields": {"Start_Longitude": 31.278488, "Start_Latitude": 30.0706936, "End_Longitude": 31.278262, "End_Latitude": 30.0704983}}, {"model": "gettrafficlights.street", "pk": "Haret Behiri", "fields": {"Start_Longitude": 31.2733579, "Start_Latitude": 30.0690532, "End_Longitude": 31.2732485, "End_Latitude": 30.0689307}}, {"model": "gettrafficlights.street", "pk": "Haret Wasfi", "fields": {"Start_Longitude": 31.277913, "Start_Latitude": 30.0711104, "End_Longitude": 31.277525, "End_Latitude": 30.0708693}}, {"model": "gettrafficlights.street", "pk": "Haridy Ln", "fields": {"Start_Longitude": 31.2745959, "Start_Latitude": 30.0687281, "End_Longitude": 31.2744949, "End_Latitude": 30.0686391}}, {"model": "gettrafficlights.street", "pk": "Hasan Allam", "fields": {"Start_Longitude": 31.2839502, "Start_Latitude": 30.0721182, "End_Longitude": 31.283703, "End_Latitude": 30.0719007}}, {"model": "gettrafficlights.street", "pk": "Industrial Zone", "fields": {"Start_Longitude": 31.281951, "Start_Latitude": 30.0620732, "End_Longitude": 31.2779144, "End_Latitude": 30.0591213}}, {"model": "gettrafficlights.street", "pk": "Madraset Wli Al Ahd", "fields": {"Start_Longitude": 31.2795397, "Start_Latitude": 30.0691764, "End_Longitude": 31.2793544, "End_Latitude": 30.0690193}}, {"model": "gettrafficlights.street", "pk": "Maher", "fields": {"Start_Longitude": 31.2782852, "Start_Latitude": 30.0688923, "End_Longitude": 31.2780617, "End_Latitude": 30.0686966}}, {"model": "gettrafficlights.street", "pk": "Mahmoud Imam", "fields": {"Start_Longitude": 31.2718256, "Start_Latitude": 30.0633463, "End_Longitude": 31.2716644, "End_Latitude": 30.0631991}}, {"model": "gettrafficlights.street", "pk": "Masaken Al Gound", "fields": {"Start_Longitude": 31.2837246, "Start_Latitude": 30.0686935, "End_Longitude": 31.2832588, "End_Latitude": 30.0683215}}, {"model": "gettrafficlights.street", "pk": "Masoud", "fields": {"Start_Longitude": 31.2748709, "Start_Latitude": 30.0656634, "End_Longitude": 31.2745454, "End_Latitude": 30.0654523}}, {"model": "gettrafficlights.street", "pk": "Merfak Al Meah", "fields": {"Start_Longitude": 31.2731999, "Start_Latitude": 30.0597857, "End_Longitude": 31.27291, "End_Latitude": 30.0594782}}, {"model": "gettrafficlights.street", "pk": "Mohammed Al Fahmi", "fields": {"Start_Longitude": 31.2799483, "Start_Latitude": 30.071478, "End_Longitude": 31.2796656, "End_Latitude": 30.071238}}, {"model": "gettrafficlights.street", "pk": "Mohammed Helmy", "fields": {"Start_Longitude": 31.2785301, "Start_Latitude": 30.0665561, "End_Longitude": 31.2782908, "End_Latitude": 30.0663504}}, {"model": "gettrafficlights.street", "pk": "Mohammed Refaat", "fields": {"Start_Longitude": 31.2780771, "Start_Latitude": 30.0696443, "End_Longitude": 31.2778599, "End_Latitude": 30.0694604}}, {"model": "gettrafficlights.street", "pk": "Mosaad Ibn Youssef", "fields": {"Start_Longitude": 31.2706788, "Start_Latitude": 30.0619326, "End_Longitude": 31.270431, "End_Latitude": 30.0617264}}, {"model": "gettrafficlights.street", "pk": "Mostashfa Al Taelba", "fields": {"Start_Longitude": 31.2768135, "Start_Latitude": 30.0584256, "End_Longitude": 31.2758403, "End_Latitude": 30.0532549}}, {"model": "gettrafficlights.street", "pk": "Mounir", "fields": {"Start_Longitude": 31.2734975, "Start_Latitude": 30.0698045, "End_Longitude": 31.2732954, "End_Latitude": 30.0696765}}, {"model": "gettrafficlights.street", "pk": "Nakib Al Gish", "fields": {"Start_Longitude": 31.2808458, "Start_Latitude": 30.067963, "End_Longitude": 31.2805814, "End_Latitude": 30.0677383}}, {"model": "gettrafficlights.street", "pk": "Nasir", "fields": {"Start_Longitude": 31.27988, "Start_Latitude": 30.0701716, "End_Longitude": 31.2796001, "End_Latitude": 30.069939}}, {"model": "gettrafficlights.street", "pk": "Neseem Afify", "fields": {"Start_Longitude": 31.2731383, "Start_Latitude": 30.0701916, "End_Longitude": 31.2729167, "End_Latitude": 30.0699628}}, {"model": "gettrafficlights.street", "pk": "Ramses", "fields": {"Start_Longitude": 31.2808458, "Start_Latitude": 30.067963, "End_Longitude": 31.2805814, "End_Latitude": 30.0677383}}, {"model": "gettrafficlights.street", "pk": "Sabel Al Khazndara", "fields": {"Start_Longitude": 31.2755469, "Start_Latitude": 30.0621773, "End_Longitude": 31.2755462, "End_Latitude": 30.0621611}}, {"model": "gettrafficlights.street", "pk": "Saeed", "fields": {"Start_Longitude": 31.2683869, "Start_Latitude": 30.0654216, "End_Longitude": 31.2631851, "End_Latitude": 30.0624198}}, {"model": "gettrafficlights.street", "pk": "Salah Salem St", "fields": {"Start_Longitude": 31.2911868, "Start_Latitude": 30.068582, "End_Longitude": 31.2801999, "End_Latitude": 30.0557559}}, {"model": "gettrafficlights.street", "pk": "Sekat Alam", "fields": {"Start_Longitude": 31.278667, "Start_Latitude": 30.0668088, "End_Longitude": 31.2783355, "End_Latitude": 30.0665296}}, {"model": "gettrafficlights.street", "pk": "Selim Abdou", "fields": {"Start_Longitude": 31.2762211, "Start_Latitude": 30.0635108, "End_Longitude": 31.2762034, "End_Latitude": 30.0635053}}, {"model": "gettrafficlights.street", "pk": "Shaaban Ln", "fields": {"Start_Longitude": 31.2781125, "Start_Latitude": 30.0674303, "End_Longitude": 31.2778389, "End_Latitude": 30.0671946}}, {"model": "gettrafficlights.street", "pk": "Sherif", "fields": {"Start_Longitude": 31.2748629, "Start_Latitude": 30.0702606, "End_Longitude": 31.2746465, "End_Latitude": 30.0700969}}, {"model": "gettrafficlights.street", "pk": "Street 47", "fields": {"Start_Longitude": 31.2829091, "Start_Latitude": 30.0632675, "End_Longitude": 31.2768891, "End_Latitude": 30.0613965}}, {"model": "gettrafficlights.street", "pk": "Wali Al Ahd", "fields": {"Start_Longitude": 31.2783855, "Start_Latitude": 30.0709406, "End_Longitude": 31.2781674, "End_Latitude": 30.0707698}}, {"model": "gettrafficlights.street", "pk": "Zaidan", "fields": {"Start_Longitude": 31.2809396, "Start_Latitude": 30.0691199, "End_Longitude": 31.2807484, "End_Latitude": 30.0689493}}, {"model": "gettrafficlights.intersectionsstreets", "pk": 1, "fields": {"Street_ID": "Engineering Institute", "Intersection_ID": "1"}}, {"model": "gettrafficlights.intersectionsstreets", "pk": 2, "fields": {"Street_ID": "Sabel Al Khazndara", "Intersection_ID": "1"}}, {"model": "gettrafficlights.intersectionsstreets", "pk": 3, "fields": {"Street_ID": "Sabel Al Khazndara", "Intersection_ID": "2"}}, {"model": "gettrafficlights.intersectionsstreets", "pk": 4, "fields": {"Street_ID": "Greek Hospital St", "Intersection_ID": "2"}}, {"model": "gettrafficlights.intersectionsstreets", "pk": 5, "fields": {"Street_ID": "Greek Hospital St", "Intersection_ID": "3"}}, {"model": "gettrafficlights.intersectionsstreets", "pk": 6, "fields": {"Street_ID": "Street 47", "Intersection_ID": "3"}}, {"model": "gettrafficlights.intersectionsstreets", "pk": 8, "fields": {"Street_ID": "Street 47", "Intersection_ID": "4"}}, {"model": "gettrafficlights.intersectionsstreets", "pk": 9, "fields": {"Street_ID": "Engineering Institute", "Intersection_ID": "4"}}, {"model": "gettrafficlights.emergencyvehicle", "pk": "1221", "fields": {"Priority": 1}}, {"model": "location.location", "pk": "driver", "fields": {"lon": "31.278923", "lat": "30.063814", "err": "5"}}, {"model": "auth.permission", "pk": 1, "fields": {"name": "Can add log entry", "content_type": 1, "codename": "add_logentry"}}, {"model": "auth.permission", "pk": 2, "fields": {"name": "Can change log entry", "content_type": 1, "codename": "change_logentry"}}, {"model": "auth.permission", "pk": 3, "fields": {"name": "Can delete log entry", "content_type": 1, "codename": "delete_logentry"}}, {"model": "auth.permission", "pk": 4, "fields": {"name": "Can add group", "content_type": 2, "codename": "add_group"}}, {"model": "auth.permission", "pk": 5, "fields": {"name": "Can change group", "content_type": 2, "codename": "change_group"}}, {"model": "auth.permission", "pk": 6, "fields": {"name": "Can delete group", "content_type": 2, "codename": "delete_group"}}, {"model": "auth.permission", "pk": 7, "fields": {"name": "Can add permission", "content_type": 3, "codename": "add_permission"}}, {"model": "auth.permission", "pk": 8, "fields": {"name": "Can change permission", "content_type": 3, "codename": "change_permission"}}, {"model": "auth.permission", "pk": 9, "fields": {"name": "Can delete permission", "content_type": 3, "codename": "delete_permission"}}, {"model": "auth.permission", "pk": 10, "fields": {"name": "Can add user", "content_type": 4, "codename": "add_user"}}, {"model": "auth.permission", "pk": 11, "fields": {"name": "Can change user", "content_type": 4, "codename": "change_user"}}, {"model": "auth.permission", "pk": 12, "fields": {"name": "Can delete user", "content_type": 4, "codename": "delete_user"}}, {"model": "auth.permission", "pk": 13, "fields": {"name": "Can add content type", "content_type": 5, "codename": "add_contenttype"}}, {"model": "auth.permission", "pk": 14, "fields": {"name": "Can change content type", "content_type": 5, "codename": "change_contenttype"}}, {"model": "auth.permission", "pk": 15, "fields": {"name": "Can delete content type", "content_type": 5, "codename": "delete_contenttype"}}, {"model": "auth.permission", "pk": 16, "fields": {"name": "Can add session", "content_type": 6, "codename": "add_session"}}, {"model": "auth.permission", "pk": 17, "fields": {"name": "Can change session", "content_type": 6, "codename": "change_session"}}, {"model": "auth.permission", "pk": 18, "fields": {"name": "Can delete session", "content_type": 6, "codename": "delete_session"}}, {"model": "auth.permission", "pk": 19, "fields": {"name": "Can add use", "content_type": 7, "codename": "add_use"}}, {"model": "auth.permission", "pk": 20, "fields": {"name": "Can change use", "content_type": 7, "codename": "change_use"}}, {"model": "auth.permission", "pk": 21, "fields": {"name": "Can delete use", "content_type": 7, "codename": "delete_use"}}, {"model": "auth.permission", "pk": 22, "fields": {"name": "Can add driver", "content_type": 8, "codename": "add_driver"}}, {"model": "auth.permission", "pk": 23, "fields": {"name": "Can change driver", "content_type": 8, "codename": "change_driver"}}, {"model": "auth.permission", "pk": 24, "fields": {"name": "Can delete driver", "content_type": 8, "codename": "delete_driver"}}, {"model": "auth.permission", "pk": 25, "fields": {"name": "Can login as driver", "content_type": 8, "codename": "is_driver"}}, {"model": "auth.permission", "pk": 26, "fields": {"name": "Can add intersection", "content_type": 9, "codename": "add_intersection"}}, {"model": "auth.permission", "pk": 27, "fields": {"name": "Can change intersection", "content_type": 9, "codename": "change_intersection"}}, {"model": "auth.permission", "pk": 28, "fields": {"name": "Can delete intersection", "content_type": 9, "codename": "delete_intersection"}}, {"model": "auth.permission", "pk": 29, "fields": {"name": "Can add traffic light", "content_type": 10, "codename": "add_trafficlight"}}, {"model": "auth.permission", "pk": 30, "fields": {"name": "Can change traffic light", "content_type": 10, "codename": "change_trafficlight"}}, {"model": "auth.permission", "pk": 31, "fields": {"name": "Can delete traffic light", "content_type": 10, "codename": "delete_trafficlight"}}, {"model": "auth.permission", "pk": 32, "fields": {"name": "Can add street", "content_type": 11, "codename": "add_street"}}, {"model": "auth.permission", "pk": 33, "fields": {"name": "Can change street", "content_type": 11, "codename": "change_street"}}, {"model": "auth.permission", "pk": 34, "fields": {"name": "Can delete street", "content_type": 11, "codename": "delete_street"}}, {"model": "auth.permission", "pk": 35, "fields": {"name": "Can add intersections streets", "content_type": 12, "codename": "add_intersectionsstreets"}}, {"model": "auth.permission", "pk": 36, "fields": {"name": "Can change intersections streets", "content_type": 12, "codename": "change_intersectionsstreets"}}, {"model": "auth.permission", "pk": 37, "fields": {"name": "Can delete intersections streets", "content_type": 12, "codename": "delete_intersectionsstreets"}}, {"model": "auth.permission", "pk": 38, "fields": {"name": "Can add central node", "content_type": 13, "codename": "add_centralnode"}}, {"model": "auth.permission", "pk": 39, "fields": {"name": "Can change central node", "content_type": 13, "codename": "change_centralnode"}}, {"model": "auth.permission", "pk": 40, "fields": {"name": "Can delete central node", "content_type": 13, "codename": "delete_centralnode"}}, {"model": "auth.permission", "pk": 41, "fields": {"name": "Can add emergency vehicle", "content_type": 14, "codename": "add_emergencyvehicle"}}, {"model": "auth.permission", "pk": 42, "fields": {"name": "Can change emergency vehicle", "content_type": 14, "codename": "change_emergencyvehicle"}}, {"model": "auth.permission", "pk": 43, "fields": {"name": "Can delete emergency vehicle", "content_type": 14, "codename": "delete_emergencyvehicle"}}, {"model": "auth.permission", "pk": 44, "fields": {"name": "Can add location", "content_type": 15, "codename": "add_location"}}, {"model": "auth.permission", "pk": 45, "fields": {"name": "Can change location", "content_type": 15, "codename": "change_location"}}, {"model": "auth.permission", "pk": 46, "fields": {"name": "Can delete location", "content_type": 15, "codename": "delete_location"}}, {"model": "auth.user", "pk": 1, "fields": {"password": "pbkdf2_sha256$36000$XBUCY7E2SNZW$kmcSTbqLyT3t7/v7p1/7Fza2pds8Mho++xxNJ9SkpOU=", "last_login": "2017-07-07T20:33:24.130Z", "is_superuser": true, "username": "admin", "first_name": "", "last_name": "", "email": "", "is_staff": true, "is_active": true, "date_joined": "2017-07-05T14:19:57.320Z", "groups": [], "user_permissions": []}}, {"model": "auth.user", "pk": 3, "fields": {"password": "pbkdf2_sha256$36000$5ZxGesUSaksa$5irxyDfQU8zotFdNjNdnn5zMJxhqce4sdO8FeE02i2E=", "last_login": "2017-07-07T20:43:55.168Z", "is_superuser": false, "username": "driver", "first_name": "", "last_name": "", "email": "", "is_staff": false, "is_active": true, "date_joined": "2017-07-05T14:19:57.320Z", "groups": [], "user_permissions": [25]}}, {"model": "gettrafficlights.driver", "pk": "123412355", "fields": {"user": 3}}, {"model": "admin.logentry", "pk": 1, "fields": {"action_time": "2017-07-05T14:21:22.405Z", "user": 1, "content_type": 13, "object_id": "1", "object_repr": "Central Node ID: 1", "action_flag": 2, "change_message": "[{\"changed\": {\"fields\": [\"CentralNode_IP\"]}}]"}}, {"model": "admin.logentry", "pk": 2, "fields": {"action_time": "2017-07-05T14:22:02.314Z", "user": 1, "content_type": 13, "object_id": "1", "object_repr": "Central Node ID: 1", "action_flag": 2, "change_message": "[]"}}, {"model": "admin.logentry", "pk": 3, "fields": {"action_time": "2017-07-05T14:22:02.728Z", "user": 1, "content_type": 13, "object_id": "1", "object_repr": "Central Node ID: 1", "action_flag": 2, "change_message": "[]"}}, {"model": "admin.logentry", "pk": 4, "fields": {"action_time": "2017-07-05T14:24:55.832Z", "user": 1, "content_type": 9, "object_id": "2", "object_repr": "Central Node ID: 1 - Intersection ID: 2", "action_flag": 1, "change_message": "[{\"added\": {}}]"}}, {"model": "admin.logentry", "pk": 5, "fields": {"action_time": "2017-07-05T14:25:04.276Z", "user": 1, "content_type": 9, "object_id": "3", "object_repr": "Central Node ID: 1 - Intersection ID: 3", "action_flag": 1, "change_message": "[{\"added\": {}}]"}}, {"model": "admin.logentry", "pk": 6, "fields": {"action_time": "2017-07-05T14:25:11.377Z", "user": 1, "content_type": 9, "object_id": "4", "object_repr": "Central Node ID: 1 - Intersection ID: 4", "action_flag": 1, "change_message": "[{\"added\": {}}]"}}, {"model": "admin.logentry", "pk": 7, "fields": {"action_time": "2017-07-05T14:34:31.325Z", "user": 1, "content_type": 12, "object_id": "1", "object_repr": "Central Node ID: 1 - Intersection ID: 1 - Street ID: Ahmed Fouad Abd Al Aziz Al Sarayat Sabekaa", "action_flag": 2, "change_message": "[{\"changed\": {\"fields\": [\"Street_ID\"]}}]"}}, {"model": "admin.logentry", "pk": 8, "fields": {"action_time": "2017-07-05T14:36:04.383Z", "user": 1, "content_type": 12, "object_id": "1", "object_repr": "Central Node ID: 1 - Intersection ID: 1 - Street ID: Ahmed Fouad Abd Al Aziz Al Sarayat Sabekaa", "action_flag": 2, "change_message": "[]"}}, {"model": "admin.logentry", "pk": 9, "fields": {"action_time": "2017-07-05T14:36:48.115Z", "user": 1, "content_type": 13, "object_id": "1", "object_repr": "Central Node ID: 1", "action_flag": 2, "change_message": "[{\"changed\": {\"fields\": [\"CentralNode_IP\"]}}]"}}, {"model": "admin.logentry", "pk": 10, "fields": {"action_time": "2017-07-05T14:37:10.786Z", "user": 1, "content_type": 12, "object_id": "2", "object_repr": "Central Node ID: 1 - Intersection ID: 1 - Street ID: Ahmed Fouad Abd Al Aziz Al Sarayat Sabekaa", "action_flag": 2, "change_message": "[{\"changed\": {\"fields\": [\"Street_ID\"]}}]"}}, {"model": "admin.logentry", "pk": 11, "fields": {"action_time": "2017-07-05T14:37:26.028Z", "user": 1, "content_type": 12, "object_id": "2", "object_repr": "Central Node ID: 1 - Intersection ID: 1 - Street ID: Ahmed Fouad Abd Al Aziz Al Sarayat Sabekaa", "action_flag": 2, "change_message": "[]"}}, {"model": "admin.logentry", "pk": 12, "fields": {"action_time": "2017-07-05T14:39:11.723Z", "user": 1, "content_type": 12, "object_id": "3", "object_repr": "Central Node ID: 1 - Intersection ID: 2 - Street ID: Greek Hospital St", "action_flag": 1, "change_message": "[{\"added\": {}}]"}}, {"model": "admin.logentry", "pk": 13, "fields": {"action_time": "2017-07-05T14:39:23.901Z", "user": 1, "content_type": 12, "object_id": "4", "object_repr": "Central Node ID: 1 - Intersection ID: 2 - Street ID: Ahmed Fouad Abd Al Aziz Al Sarayat Sabekaa", "action_flag": 1, "change_message": "[{\"added\": {}}]"}}, {"model": "admin.logentry", "pk": 14, "fields": {"action_time": "2017-07-05T14:39:35.391Z", "user": 1, "content_type": 12, "object_id": "5", "object_repr": "Central Node ID: 1 - Intersection ID: 3 - Street ID: Sabel Al Khazndara", "action_flag": 1, "change_message": "[{\"added\": {}}]"}}, {"model": "admin.logentry", "pk": 15, "fields": {"action_time": "2017-07-05T14:40:02.102Z", "user": 1, "content_type": 12, "object_id": "6", "object_repr": "Central Node ID: 1 - Intersection ID: 3 - Street ID: Greek Hospital St", "action_flag": 1, "change_message": "[{\"added\": {}}]"}}, {"model": "admin.logentry", "pk": 16, "fields": {"action_time": "2017-07-05T14:40:33.289Z", "user": 1, "content_type": 12, "object_id": "7", "object_repr": "Central Node ID: 1 - Intersection ID: 3 - Street ID: Greek Hospital St", "action_flag": 1, "change_message": "[{\"added\": {}}]"}}, {"model": "admin.logentry", "pk": 17, "fields": {"action_time": "2017-07-05T14:40:55.255Z", "user": 1, "content_type": 12, "object_id": "7", "object_repr": "Central Node ID: 1 - Intersection ID: 3 - Street ID: Greek Hospital St", "action_flag": 3, "change_message": ""}}, {"model": "admin.logentry", "pk": 18, "fields": {"action_time": "2017-07-05T14:41:09.450Z", "user": 1, "content_type": 12, "object_id": "8", "object_repr": "Central Node ID: 1 - Intersection ID: 4 - Street ID: Sabel Al Khazndara", "action_flag": 1, "change_message": "[{\"added\": {}}]"}}, {"model": "admin.logentry", "pk": 19, "fields": {"action_time": "2017-07-05T14:41:21.054Z", "user": 1, "content_type": 12, "object_id": "9", "object_repr": "Central Node ID: 1 - Intersection ID: 4 - Street ID: Ahmed Fouad Abd Al Aziz Al Sarayat Sabekaa", "action_flag": 1, "change_message": "[{\"added\": {}}]"}}, {"model": "admin.logentry", "pk": 20, "fields": {"action_time": "2017-07-05T14:44:00.824Z", "user": 1, "content_type": 10, "object_id": "1", "object_repr": "Traffic Light ID: 1 - Direction: N - Central Node ID: 1 - Intersection ID: 1", "action_flag": 2, "change_message": "[{\"changed\": {\"fields\": [\"Longitude\", \"Latitude\"]}}]"}}, {"model": "admin.logentry", "pk": 21, "fields": {"action_time": "2017-07-05T14:44:21.743Z", "user": 1, "content_type": 10, "object_id": "2", "object_repr": "Traffic Light ID: 2 - Direction: E - Central Node ID: 1 - Intersection ID: 1", "action_flag": 2, "change_message": "[{\"changed\": {\"fields\": [\"Longitude\", \"Latitude\", \"Direction\"]}}]"}}, {"model": "admin.logentry", "pk": 22, "fields": {"action_time": "2017-07-05T14:44:37.977Z", "user": 1, "content_type": 10, "object_id": "3", "object_repr": "Traffic Light ID: 3 - Direction: S - Central Node ID: 1 - Intersection ID: 1", "action_flag": 2, "change_message": "[{\"changed\": {\"fields\": [\"TL_ID\", \"Direction\"]}}]"}}, {"model": "admin.logentry", "pk": 23, "fields": {"action_time": "2017-07-05T14:45:04.012Z", "user": 1, "content_type": 10, "object_id": "4", "object_repr": "Traffic Light ID: 4 - Direction: W - Central Node ID: 1 - Intersection ID: 1", "action_flag": 1, "change_message": "[{\"added\": {}}]"}}, {"model": "admin.logentry", "pk": 24, "fields": {"action_time": "2017-07-05T14:45:35.010Z", "user": 1, "content_type": 10, "object_id": "5", "object_repr": "Traffic Light ID: 5 - Direction: N - Central Node ID: 1 - Intersection ID: 2", "action_flag": 1, "change_message": "[{\"added\": {}}]"}}, {"model": "admin.logentry", "pk": 25, "fields": {"action_time": "2017-07-05T14:45:49.870Z", "user": 1, "content_type": 10, "object_id": "6", "object_repr": "Traffic Light ID: 6 - Direction: E - Central Node ID: 1 - Intersection ID: 2", "action_flag": 1, "change_message": "[{\"added\": {}}]"}}, {"model": "admin.logentry", "pk": 26, "fields": {"action_time": "2017-07-05T14:46:04.192Z", "user": 1, "content_type": 10, "object_id": "7", "object_repr": "Traffic Light ID: 7 - Direction: S - Central Node ID: 1 - Intersection ID: 2", "action_flag": 1, "change_message": "[{\"added\": {}}]"}}, {"model": "admin.logentry", "pk": 27, "fields": {"action_time": "2017-07-05T14:46:13.803Z", "user": 1, "content_type": 10, "object_id": "8", "object_repr": "Traffic Light ID: 8 - Direction: W - Central Node ID: 1 - Intersection ID: 2", "action_flag": 1, "change_message": "[{\"added\": {}}]"}}, {"model": "admin.logentry", "pk": 28, "fields": {"action_time": "2017-07-05T14:46:23.659Z", "user": 1, "content_type": 10, "object_id": "9", "object_repr": "Traffic Light ID: 9 - Direction: N - Central Node ID: 1 - Intersection ID: 3", "action_flag": 1, "change_message": "[{\"added\": {}}]"}}, {"model": "admin.logentry", "pk": 29, "fields": {"action_time": "2017-07-05T14:46:53.749Z", "user": 1, "content_type": 10, "object_id": "10", "object_repr": "Traffic Light ID: 10 - Direction: E - Central Node ID: 1 - Intersection ID: 3", "action_flag": 1, "change_message": "[{\"added\": {}}]"}}, {"model": "admin.logentry", "pk": 30, "fields": {"action_time": "2017-07-05T14:47:13.638Z", "user": 1, "content_type": 10, "object_id": "11", "object_repr": "Traffic Light ID: 11 - Direction: S - Central Node ID: 1 - Intersection ID: 3", "action_flag": 1, "change_message": "[{\"added\": {}}]"}}, {"model": "admin.logentry", "pk": 31, "fields": {"action_time": "2017-07-05T14:47:32.239Z", "user": 1, "content_type": 10, "object_id": "12", "object_repr": "Traffic Light ID: 12 - Direction: W - Central Node ID: 1 - Intersection ID: 3", "action_flag": 1, "change_message": "[{\"added\": {}}]"}}, {"model": "admin.logentry", "pk": 32, "fields": {"action_time": "2017-07-05T14:48:00.006Z", "user": 1, "content_type": 10, "object_id": "13", "object_repr": "Traffic Light ID: 13 - Direction: N - Central Node ID: 1 - Intersection ID: 4", "action_flag": 1, "change_message": "[{\"added\": {}}]"}}, {"model": "admin.logentry", "pk": 33, "fields": {"action_time": "2017-07-05T14:48:11.708Z", "user": 1, "content_type": 10, "object_id": "14", "object_repr": "Traffic Light ID: 14 - Direction: E - Central Node ID: 1 - Intersection ID: 4", "action_flag": 1, "change_message": "[{\"added\": {}}]"}}, {"model": "admin.logentry", "pk": 34, "fields": {"action_time": "2017-07-05T14:48:23.197Z", "user": 1, "content_type": 10, "object_id": "15", "object_repr": "Traffic Light ID: 15 - Direction: S - Central Node ID: 1 - Intersection ID: 4", "action_flag": 1, "change_message": "[{\"added\": {}}]"}}, {"model": "admin.logentry", "pk": 35, "fields": {"action_time": "2017-07-05T14:48:29.923Z", "user": 1, "content_type": 10, "object_id": "16", "object_repr": "Traffic Light ID: 16 - Direction: W - Central Node ID: 1 - Intersection ID: 4", "action_flag": 1, "change_message": "[{\"added\": {}}]"}}, {"model": "admin.logentry", "pk": 36, "fields": {"action_time": "2017-07-07T11:25:46.109Z", "user": 1, "content_type": 12, "object_id": "1", "object_repr": "Central Node ID: 1 - Intersection ID: 1 - Street ID: Engineering Institute", "action_flag": 2, "change_message": "[{\"changed\": {\"fields\": [\"Street_ID\"]}}]"}}, {"model": "admin.logentry", "pk": 37, "fields": {"action_time": "2017-07-07T11:25:55.900Z", "user": 1, "content_type": 12, "object_id": "2", "object_repr": "Central Node ID: 1 - Intersection ID: 1 - Street ID: Sabel Al Khazndara", "action_flag": 2, "change_message": "[{\"changed\": {\"fields\": [\"Street_ID\"]}}]"}}, {"model": "admin.logentry", "pk": 38, "fields": {"action_time": "2017-07-07T11:26:05.910Z", "user": 1, "content_type": 12, "object_id": "3", "object_repr": "Central Node ID: 1 - Intersection ID: 2 - Street ID: Sabel Al Khazndara", "action_flag": 2, "change_message": "[{\"changed\": {\"fields\": [\"Street_ID\"]}}]"}}, {"model": "admin.logentry", "pk": 39, "fields": {"action_time": "2017-07-07T11:26:07.770Z", "user": 1, "content_type": 12, "object_id": "3", "object_repr": "Central Node ID: 1 - Intersection ID: 2 - Street ID: Sabel Al Khazndara", "action_flag": 2, "change_message": "[]"}}, {"model": "admin.logentry", "pk": 40, "fields": {"action_time": "2017-07-07T11:26:23.754Z", "user": 1, "content_type": 12, "object_id": "4", "object_repr": "Central Node ID: 1 - Intersection ID: 2 - Street ID: Greek Hospital St", "action_flag": 2, "change_message": "[{\"changed\": {\"fields\": [\"Street_ID\"]}}]"}}, {"model": "admin.logentry", "pk": 41, "fields": {"action_time": "2017-07-07T11:26:47.525Z", "user": 1, "content_type": 12, "object_id": "5", "object_repr": "Central Node ID: 1 - Intersection ID: 3 - Street ID: Greek Hospital St", "action_flag": 2, "change_message": "[{\"changed\": {\"fields\": [\"Street_ID\"]}}]"}}, {"model": "admin.logentry", "pk": 42, "fields": {"action_time": "2017-07-07T11:27:03.559Z", "user": 1, "content_type": 12, "object_id": "6", "object_repr": "Central Node ID: 1 - Intersection ID: 3 - Street ID: Street 47", "action_flag": 2, "change_message": "[{\"changed\": {\"fields\": [\"Street_ID\"]}}]"}}, {"model": "admin.logentry", "pk": 43, "fields": {"action_time": "2017-07-07T11:27:19.596Z", "user": 1, "content_type": 12, "object_id": "8", "object_repr": "Central Node ID: 1 - Intersection ID: 4 - Street ID: Street 47", "action_flag": 2, "change_message": "[{\"changed\": {\"fields\": [\"Street_ID\"]}}]"}}, {"model": "admin.logentry", "pk": 44, "fields": {"action_time": "2017-07-07T11:27:26.786Z", "user": 1, "content_type": 12, "object_id": "9", "object_repr": "Central Node ID: 1 - Intersection ID: 4 - Street ID: Engineering Institute", "action_flag": 2, "change_message": "[{\"changed\": {\"fields\": [\"Street_ID\"]}}]"}}, {"model": "admin.logentry", "pk": 45, "fields": {"action_time": "2017-07-07T20:35:23.840Z", "user": 1, "content_type": 10, "object_id": "1", "object_repr": "Traffic Light ID: 1 - Direction: N - Central Node ID: 1 - Intersection ID: 1", "action_flag": 2, "change_message": "[{\"changed\": {\"fields\": [\"Longitude\", \"Latitude\"]}}]"}}, {"model": "admin.logentry", "pk": 46, "fields": {"action_time": "2017-07-07T20:35:52.185Z", "user": 1, "content_type": 10, "object_id": "10", "object_repr": "Traffic Light ID: 10 - Direction: E - Central Node ID: 1 - Intersection ID: 3", "action_flag": 2, "change_message": "[{\"changed\": {\"fields\": [\"Longitude\", \"Latitude\"]}}]"}}, {"model": "admin.logentry", "pk": 47, "fields": {"action_time": "2017-07-07T20:35:55.964Z", "user": 1, "content_type": 10, "object_id": "10", "object_repr": "Traffic Light ID: 10 - Direction: E - Central Node ID: 1 - Intersection ID: 3", "action_flag": 2, "change_message": "[]"}}, {"model": "admin.logentry", "pk": 48, "fields": {"action_time": "2017-07-07T20:35:56.419Z", "user": 1, "content_type": 10, "object_id": "10", "object_repr": "Traffic Light ID: 10 - Direction: E - Central Node ID: 1 - Intersection ID: 3", "action_flag": 2, "change_message": "[]"}}, {"model": "admin.logentry", "pk": 49, "fields": {"action_time": "2017-07-07T20:36:18.884Z", "user": 1, "content_type": 10, "object_id": "11", "object_repr": "Traffic Light ID: 11 - Direction: S - Central Node ID: 1 - Intersection ID: 3", "action_flag": 2, "change_message": "[{\"changed\": {\"fields\": [\"Longitude\", \"Latitude\"]}}]"}}, {"model": "admin.logentry", "pk": 50, "fields": {"action_time": "2017-07-07T20:36:55.100Z", "user": 1, "content_type": 10, "object_id": "9", "object_repr": "Traffic Light ID: 9 - Direction: N - Central Node ID: 1 - Intersection ID: 3", "action_flag": 2, "change_message": "[{\"changed\": {\"fields\": [\"Longitude\", \"Latitude\"]}}]"}}, {"model": "admin.logentry", "pk": 51, "fields": {"action_time": "2017-07-07T20:37:15.430Z", "user": 1, "content_type": 10, "object_id": "8", "object_repr": "Traffic Light ID: 8 - Direction: W - Central Node ID: 1 - Intersection ID: 2", "action_flag": 2, "change_message": "[{\"changed\": {\"fields\": [\"Longitude\", \"Latitude\"]}}]"}}, {"model": "admin.logentry", "pk": 52, "fields": {"action_time": "2017-07-07T20:37:55.523Z", "user": 1, "content_type": 10, "object_id": "7", "object_repr": "Traffic Light ID: 7 - Direction: S - Central Node ID: 1 - Intersection ID: 2", "action_flag": 2, "change_message": "[{\"changed\": {\"fields\": [\"Longitude\", \"Latitude\"]}}]"}}, {"model": "admin.logentry", "pk": 53, "fields": {"action_time": "2017-07-07T20:37:55.713Z", "user": 1, "content_type": 10, "object_id": "7", "object_repr": "Traffic Light ID: 7 - Direction: S - Central Node ID: 1 - Intersection ID: 2", "action_flag": 2, "change_message": "[]"}}, {"model": "admin.logentry", "pk": 54, "fields": {"action_time": "2017-07-07T20:38:15.774Z", "user": 1, "content_type": 10, "object_id": "6", "object_repr": "Traffic Light ID: 6 - Direction: E - Central Node ID: 1 - Intersection ID: 2", "action_flag": 2, "change_message": "[{\"changed\": {\"fields\": [\"Longitude\", \"Latitude\"]}}]"}}, {"model": "admin.logentry", "pk": 55, "fields": {"action_time": "2017-07-07T20:38:29.517Z", "user": 1, "content_type": 10, "object_id": "5", "object_repr": "Traffic Light ID: 5 - Direction: N - Central Node ID: 1 - Intersection ID: 2", "action_flag": 2, "change_message": "[{\"changed\": {\"fields\": [\"Longitude\", \"Latitude\"]}}]"}}, {"model": "admin.logentry", "pk": 56, "fields": {"action_time": "2017-07-07T20:38:45.051Z", "user": 1, "content_type": 10, "object_id": "4", "object_repr": "Traffic Light ID: 4 - Direction: W - Central Node ID: 1 - Intersection ID: 1", "action_flag": 2, "change_message": "[{\"changed\": {\"fields\": [\"Longitude\", \"Latitude\"]}}]"}}, {"model": "admin.logentry", "pk": 57, "fields": {"action_time": "2017-07-07T20:38:57.083Z", "user": 1, "content_type": 10, "object_id": "3", "object_repr": "Traffic Light ID: 3 - Direction: S - Central Node ID: 1 - Intersection ID: 1", "action_flag": 2, "change_message": "[{\"changed\": {\"fields\": [\"Longitude\", \"Latitude\"]}}]"}}, {"model": "admin.logentry", "pk": 58, "fields": {"action_time": "2017-07-07T20:39:09.185Z", "user": 1, "content_type": 10, "object_id": "2", "object_repr": "Traffic Light ID: 2 - Direction: E - Central Node ID: 1 - Intersection ID: 1", "action_flag": 2, "change_message": "[{\"changed\": {\"fields\": [\"Longitude\", \"Latitude\"]}}]"}}, {"model": "admin.logentry", "pk": 59, "fields": {"action_time": "2017-07-07T20:39:46.773Z", "user": 1, "content_type": 10, "object_id": "1", "object_repr": "Traffic Light ID: 1 - Direction: N - Central Node ID: 1 - Intersection ID: 1", "action_flag": 2, "change_message": "[{\"changed\": {\"fields\": [\"Longitude\", \"Latitude\"]}}]"}}, {"model": "admin.logentry", "pk": 60, "fields": {"action_time": "2017-07-07T20:40:12.226Z", "user": 1, "content_type": 10, "object_id": "10", "object_repr": "Traffic Light ID: 10 - Direction: E - Central Node ID: 1 - Intersection ID: 3", "action_flag": 2, "change_message": "[{\"changed\": {\"fields\": [\"Longitude\", \"Latitude\"]}}]"}}, {"model": "admin.logentry", "pk": 61, "fields": {"action_time": "2017-07-07T20:40:34.341Z", "user": 1, "content_type": 10, "object_id": "11", "object_repr": "Traffic Light ID: 11 - Direction: S - Central Node ID: 1 - Intersection ID: 3", "action_flag": 2, "change_message": "[{\"changed\": {\"fields\": [\"Longitude\", \"Latitude\"]}}]"}}, {"model": "admin.logentry", "pk": 62, "fields": {"action_time": "2017-07-07T20:40:50.920Z", "user": 1, "content_type": 10, "object_id": "12", "object_repr": "Traffic Light ID: 12 - Direction: W - Central Node ID: 1 - Intersection ID: 3", "action_flag": 2, "change_message": "[{\"changed\": {\"fields\": [\"Longitude\", \"Latitude\"]}}]"}}, {"model": "admin.logentry", "pk": 63, "fields": {"action_time": "2017-07-07T20:41:05.734Z", "user": 1, "content_type": 10, "object_id": "13", "object_repr": "Traffic Light ID: 13 - Direction: N - Central Node ID: 1 - Intersection ID: 4", "action_flag": 2, "change_message": "[{\"changed\": {\"fields\": [\"Longitude\", \"Latitude\"]}}]"}}, {"model": "admin.logentry", "pk": 64, "fields": {"action_time": "2017-07-07T20:41:22.965Z", "user": 1, "content_type": 10, "object_id": "14", "object_repr": "Traffic Light ID: 14 - Direction: E - Central Node ID: 1 - Intersection ID: 4", "action_flag": 2, "change_message": "[{\"changed\": {\"fields\": [\"Longitude\", \"Latitude\"]}}]"}}, {"model": "admin.logentry", "pk": 65, "fields": {"action_time": "2017-07-07T20:41:33.169Z", "user": 1, "content_type": 10, "object_id": "15", "object_repr": "Traffic Light ID: 15 - Direction: S - Central Node ID: 1 - Intersection ID: 4", "action_flag": 2, "change_message": "[{\"changed\": {\"fields\": [\"Longitude\", \"Latitude\"]}}]"}}, {"model": "admin.logentry", "pk": 66, "fields": {"action_time": "2017-07-07T20:41:44.935Z", "user": 1, "content_type": 10, "object_id": "16", "object_repr": "Traffic Light ID: 16 - Direction: W - Central Node ID: 1 - Intersection ID: 4", "action_flag": 2, "change_message": "[{\"changed\": {\"fields\": [\"Longitude\", \"Latitude\"]}}]"}}]